{"loss": [14.253867149353027, 0.6966504454612732, 0.6879635453224182, 0.6643847823143005, 0.651556134223938, 0.5958226919174194, 0.5602395534515381, 0.5642321109771729, 0.5539302229881287, 0.5156025886535645], "accuracy": [0.4848708510398865, 0.4952029585838318, 0.5424354076385498, 0.6059040427207947, 0.6051660776138306, 0.6752767562866211, 0.7166051864624023, 0.7225092053413391, 0.7357933521270752, 0.7549815773963928], "val_loss": [0.7065590620040894, 0.6895206570625305, 0.6933152675628662, 0.618969202041626, 0.5965372920036316, 0.6180580854415894, 0.6155796647071838, 0.5990281701087952, 0.6163758635520935, 0.5157204866409302], "val_accuracy": [0.5191740393638611, 0.5191740393638611, 0.4837758243083954, 0.6519173979759216, 0.7050147652626038, 0.6607669591903687, 0.6784660816192627, 0.6784660816192627, 0.6489675641059875, 0.737463116645813]}