{"loss": [1.4576040506362915, 1.0945149660110474, 1.0878249406814575, 1.0376496315002441, 1.0204845666885376, 0.9791895151138306, 0.9568949937820435, 0.922734260559082, 0.8976208567619324, 1.2147431373596191, 1.09968900680542, 1.0986703634262085, 1.0995383262634277, 1.098474383354187, 1.0973984003067017, 1.0972695350646973, 1.0972771644592285, 1.0972108840942383, 1.0972888469696045, 1.0972238779067993, 1.0972435474395752, 1.0975722074508667, 1.0966084003448486, 1.095229983329773, 1.3024898767471313, 1.1092091798782349, 1.0981472730636597, 1.0971918106079102, 1.0975077152252197, 1.0971474647521973, 1.0959006547927856, 1.1035796403884888, 1.0973314046859741, 1.0973583459854126, 1.0972665548324585, 1.0973939895629883, 1.097340703010559, 1.097312331199646, 1.097330093383789, 1.0973553657531738, 1.097353458404541, 1.0974241495132446, 1.0974335670471191, 1.0973842144012451, 1.0973424911499023, 1.097253441810608, 1.0979756116867065, 1.0986725091934204, 1.0977174043655396, 1.0977941751480103], "accuracy": [0.349277526140213, 0.35625311732292175, 0.36422520875930786, 0.430991530418396, 0.46138516068458557, 0.5007473826408386, 0.5097159743309021, 0.5371201038360596, 0.566517174243927, 0.42152467370033264, 0.32685601711273193, 0.34877926111221313, 0.3423019349575043, 0.3502740263938904, 0.35176882147789, 0.35176882147789, 0.35176882147789, 0.35176882147789, 0.35176882147789, 0.35176882147789, 0.35176882147789, 0.34828102588653564, 0.35176882147789, 0.35176882147789, 0.3527653217315674, 0.3447932302951813, 0.3442949652671814, 0.35176882147789, 0.3418036997318268, 0.35176882147789, 0.36173394322395325, 0.3632287085056305, 0.35176882147789, 0.35176882147789, 0.35176882147789, 0.35176882147789, 0.35176882147789, 0.35176882147789, 0.35176882147789, 0.35176882147789, 0.35176882147789, 0.35176882147789, 0.35176882147789, 0.35176882147789, 0.35176882147789, 0.35176882147789, 0.35176882147789, 0.3467862606048584, 0.33781763911247253, 0.33781763911247253], "val_loss": [1.106428623199463, 1.0918549299240112, 1.0595842599868774, 1.0508918762207031, 1.0140591859817505, 0.9534810185432434, 0.9131932854652405, 0.950721025466919, 0.8537173867225647, 1.111877679824829, 1.0973507165908813, 1.097758173942566, 1.0986462831497192, 1.0987848043441772, 1.099236249923706, 1.099255084991455, 1.099502444267273, 1.0995604991912842, 1.099753975868225, 1.0995464324951172, 1.1001412868499756, 1.098893404006958, 1.0964285135269165, 1.0955754518508911, 1.0893981456756592, 1.098706603050232, 1.1003572940826416, 1.1001397371292114, 1.1000409126281738, 1.1002492904663086, 1.09619140625, 1.0993752479553223, 1.099776029586792, 1.100083351135254, 1.0996662378311157, 1.1000769138336182, 1.0999258756637573, 1.0998866558074951, 1.0999506711959839, 1.1000099182128906, 1.0991324186325073, 1.1001777648925781, 1.1001356840133667, 1.1003867387771606, 1.1001685857772827, 1.0998636484146118, 1.0999711751937866, 1.1027926206588745, 1.1010700464248657, 1.100973129272461], "val_accuracy": [0.39243027567863464, 0.4063745141029358, 0.4302788972854614, 0.4003984034061432, 0.43625497817993164, 0.519920289516449, 0.5637450218200684, 0.5219123363494873, 0.5597609281539917, 0.31673306226730347, 0.3466135561466217, 0.3466135561466217, 0.3466135561466217, 0.3466135561466217, 0.3466135561466217, 0.3466135561466217, 0.3466135561466217, 0.3466135561466217, 0.3466135561466217, 0.3466135561466217, 0.3466135561466217, 0.3466135561466217, 0.3466135561466217, 0.3466135561466217, 0.3466135561466217, 0.3466135561466217, 0.3466135561466217, 0.3466135561466217, 0.3565737009048462, 0.3466135561466217, 0.36454182863235474, 0.3466135561466217, 0.3466135561466217, 0.3466135561466217, 0.3466135561466217, 0.3466135561466217, 0.3466135561466217, 0.3466135561466217, 0.3466135561466217, 0.3466135561466217, 0.3466135561466217, 0.3466135561466217, 0.3466135561466217, 0.3466135561466217, 0.3466135561466217, 0.3466135561466217, 0.3466135561466217, 0.3466135561466217, 0.3466135561466217, 0.3466135561466217]}