{"loss": [1.7357550859451294, 1.6388740539550781, 1.5787909030914307, 1.5292093753814697, 1.4556076526641846, 1.3487062454223633, 1.225227952003479, 1.1152757406234741, 1.0003997087478638, 0.8805450201034546, 0.7775971293449402, 0.6877431273460388, 0.5816154479980469, 0.49580538272857666, 0.38711386919021606, 0.35899418592453003, 0.27293479442596436, 0.26850220561027527, 0.18550966680049896, 0.1983233243227005, 0.15773142874240875, 0.12125521153211594, 0.19821390509605408, 0.15826423466205597, 0.07748765498399734, 0.08914940804243088, 0.15911659598350525, 0.08567072451114655, 0.08578120172023773, 0.07823692262172699, 0.07943455129861832, 0.09135523438453674, 0.022195763885974884, 0.06617806106805801, 0.12513835728168488, 0.06684382259845734, 0.01442607119679451, 0.05849367007613182, 0.06451281905174255, 0.07672961801290512, 0.06673271209001541, 0.042771488428115845, 0.14032717049121857, 0.06098520755767822, 0.09756170958280563, 0.03555100038647652, 0.015620535239577293, 0.019558243453502655, 0.010597397573292255, 0.10242918133735657, 0.20180104672908783, 0.08465384691953659, 0.010333726182579994, 0.03521391749382019, 0.018649043515324593, 0.06959716975688934, 0.13013656437397003, 0.04203575849533081, 0.03546253964304924, 0.010689296759665012], "accuracy": [0.21421615779399872, 0.29065239429473877, 0.32716649770736694, 0.3517526686191559, 0.39289191365242004, 0.4564264714717865, 0.5153359174728394, 0.5720545053482056, 0.6226874589920044, 0.6711295247077942, 0.7188413143157959, 0.7431840300559998, 0.7918695211410522, 0.8186465501785278, 0.8624634742736816, 0.8748782873153687, 0.9070107340812683, 0.9043329954147339, 0.9333008527755737, 0.9301363229751587, 0.9464459419250488, 0.9561830759048462, 0.9301363229751587, 0.9510710835456848, 0.9763875603675842, 0.9734663963317871, 0.9471762180328369, 0.9732229709625244, 0.9720058441162109, 0.9724926948547363, 0.9766309857368469, 0.9717624187469482, 0.9939143061637878, 0.9793086647987366, 0.9620253443717957, 0.9785783886909485, 0.9958617091178894, 0.9817429184913635, 0.979795515537262, 0.9771178364753723, 0.9793086647987366, 0.9866114854812622, 0.9595910310745239, 0.9795520901679993, 0.9729795455932617, 0.9868549108505249, 0.9951314330101013, 0.9948880076408386, 0.9965920448303223, 0.9688413143157959, 0.9464459419250488, 0.9724926948547363, 0.996835470199585, 0.9883154630661011, 0.9946445822715759, 0.9761441349983215, 0.9595910310745239, 0.9905063509941101, 0.9907497763633728, 0.9965920448303223], "val_loss": [1.6468032598495483, 1.6181855201721191, 1.550978183746338, 1.5404647588729858, 1.4166499376296997, 1.3319361209869385, 1.2243624925613403, 1.1535781621932983, 1.1712597608566284, 1.0307542085647583, 0.9659888744354248, 0.8241425156593323, 0.8400017023086548, 0.7195945978164673, 0.7743774056434631, 0.7095915675163269, 0.9378185868263245, 0.6433603167533875, 0.76371169090271, 0.6975052356719971, 0.6187663078308105, 0.9208173155784607, 1.0174527168273926, 0.7237512469291687, 0.8366628885269165, 0.8583948016166687, 0.6988704204559326, 0.9100574851036072, 0.8099057674407959, 0.9860925674438477, 0.8259385228157043, 0.7448917627334595, 0.6546297669410706, 0.9506880044937134, 0.6519448161125183, 0.611760675907135, 0.693270742893219, 0.865130603313446, 0.6769886612892151, 0.98740553855896, 0.6673681139945984, 0.9775463938713074, 0.8011091351509094, 0.7069917321205139, 0.6986472010612488, 0.7063217759132385, 0.7383139729499817, 0.7263152599334717, 0.7109352350234985, 0.9891254305839539, 0.8953309655189514, 0.5941024422645569, 0.8057417869567871, 0.6986838579177856, 0.8237308859825134, 1.036649227142334, 0.7761511206626892, 0.7556895017623901, 0.8574370741844177, 0.6784478425979614], "val_accuracy": [0.27750730514526367, 0.27750730514526367, 0.3417721390724182, 0.36611488461494446, 0.4216163456439972, 0.4479065239429474, 0.5443037748336792, 0.567672848701477, 0.5666991472244263, 0.6280428171157837, 0.6368062496185303, 0.7156767249107361, 0.727361261844635, 0.7575462460517883, 0.7663096189498901, 0.7994157671928406, 0.7205452919006348, 0.7955209612846375, 0.7799415588378906, 0.7857838273048401, 0.8111003041267395, 0.7906523942947388, 0.7400195002555847, 0.8179162740707397, 0.8159688115119934, 0.8120740056037903, 0.8442064523696899, 0.816942572593689, 0.8237585425376892, 0.8257059454917908, 0.840311586856842, 0.8237585425376892, 0.8607594966888428, 0.8042843341827393, 0.832521915435791, 0.8656280636787415, 0.8666017651557922, 0.8266796469688416, 0.8529698252677917, 0.8072054386138916, 0.859785795211792, 0.8188899755477905, 0.8179162740707397, 0.8471275568008423, 0.840311586856842, 0.8500486612319946, 0.8510224223136902, 0.8588120937347412, 0.8685491681098938, 0.8072054386138916, 0.7789678573608398, 0.8685491681098938, 0.8578383922576904, 0.8656280636787415, 0.859785795211792, 0.8257059454917908, 0.8305745124816895, 0.8490749597549438, 0.8296007513999939, 0.8666017651557922]}