{"loss": [1.7819364070892334, 1.6574785709381104, 1.6174049377441406, 1.6045347452163696, 1.5577644109725952, 1.5160248279571533, 1.4053308963775635, 1.3022096157073975, 1.17111337184906, 1.0818313360214233, 0.9440306425094604, 0.8274305462837219, 0.7071797251701355, 0.6391900777816772, 0.5572090744972229, 0.45784783363342285, 0.41135063767433167, 0.32469138503074646, 0.3198980391025543, 0.24631260335445404, 0.22350870072841644, 0.18257471919059753, 0.14795391261577606, 0.25238966941833496, 0.10813836753368378, 0.14956678450107574, 0.11441484838724136, 0.07626529037952423, 0.12020605057477951, 0.1198815405368805, 0.14514513313770294, 0.09601613879203796, 0.08490850031375885, 0.04321924224495888, 0.0834018662571907, 0.10875420272350311, 0.011887772008776665, 0.007884182967245579, 0.021874548867344856, 0.18948426842689514, 0.07530270516872406, 0.019819719716906548, 0.018118631094694138, 0.08363994210958481, 0.08574390411376953, 0.08965124189853668, 0.04866373538970947, 0.029824182391166687, 0.07796110212802887, 0.058855168521404266, 0.05461498722434044, 0.11874885112047195, 0.05344487726688385, 0.04056132212281227, 0.09991267323493958, 0.0495464913547039, 0.042528629302978516, 0.0033712328877300024, 0.01720457710325718, 0.09909505397081375, 0.006282180082052946, 0.0016204420244321227, 0.0005374169559217989, 0.00028427227516658604, 0.0001548204745631665, 0.00012988445814698935, 9.891367517411709e-05, 7.60024631745182e-05, 7.321345765376464e-05, 5.949919795966707e-05, 5.5557356972713023e-05, 6.164337537484244e-05, 3.403985101613216e-05, 3.16159930662252e-05, 2.6621037250151858e-05, 2.792508530546911e-05, 2.0798874174943194e-05, 2.0646792108891532e-05, 1.773959957063198e-05, 1.903660813695751e-05, 1.3871696864953265e-05, 1.3209484677645378e-05, 1.2100553249183577e-05, 1.0164644663746003e-05, 1.046240322466474e-05, 9.196730388794094e-06, 5.9911371863563545e-06, 1.0094715435116086e-05, 7.06828586771735e-06, 5.484964276547544e-06, 5.037533355789492e-06, 4.423708560352679e-06, 5.763709395978367e-06, 4.183370492683025e-06, 3.846902473014779e-06, 2.3926841095089912e-06, 2.291438249812927e-06, 2.3526090444647707e-06, 2.6222951419185847e-06, 2.463504870320321e-06], "accuracy": [0.18549172580242157, 0.26606622338294983, 0.2723953127861023, 0.29673805832862854, 0.32667964696884155, 0.350048691034317, 0.4206426441669464, 0.474683552980423, 0.5438169240951538, 0.5764362215995789, 0.6416747570037842, 0.690116822719574, 0.7385588884353638, 0.7629016637802124, 0.7925997972488403, 0.8313047885894775, 0.859785795211792, 0.8848587870597839, 0.8892405033111572, 0.9182083606719971, 0.927458643913269, 0.9328140020370483, 0.9496105313301086, 0.9199123382568359, 0.9637293219566345, 0.9574002027511597, 0.9622687697410583, 0.9754137992858887, 0.9634858965873718, 0.9620253443717957, 0.9581304788589478, 0.9676241278648376, 0.9724926948547363, 0.9853943586349487, 0.9732229709625244, 0.9705452919006348, 0.9970788955688477, 0.997565746307373, 0.9929406046867371, 0.937682569026947, 0.9756572246551514, 0.9926971793174744, 0.995374858379364, 0.9776046872138977, 0.9737098217010498, 0.9741966724395752, 0.9849075078964233, 0.9909932017326355, 0.9744400978088379, 0.9800389409065247, 0.9819863438606262, 0.9661635756492615, 0.9839338064193726, 0.9868549108505249, 0.9690847396850586, 0.9853943586349487, 0.9858812093734741, 0.9987828731536865, 0.9944011569023132, 0.9703018665313721, 0.9980525970458984, 0.9995131492614746, 1.0, 1.0, 1.0, 1.0, 1.0, 1.0, 1.0, 1.0, 1.0, 1.0, 1.0, 1.0, 1.0, 1.0, 1.0, 1.0, 1.0, 1.0, 1.0, 1.0, 1.0, 1.0, 1.0, 1.0, 1.0, 1.0, 1.0, 1.0, 1.0, 1.0, 1.0, 1.0, 1.0, 1.0, 1.0, 1.0, 1.0, 1.0], "val_loss": [1.7072179317474365, 1.625820279121399, 1.6683348417282104, 1.5710859298706055, 1.4976598024368286, 1.4324302673339844, 1.3103636503219604, 1.3027702569961548, 1.20255708694458, 1.110299825668335, 1.051932454109192, 1.2662118673324585, 0.8618699908256531, 0.8496956825256348, 0.7537586688995361, 0.6841238737106323, 0.672626793384552, 0.802540123462677, 0.8967210054397583, 0.6922879815101624, 0.7201382517814636, 0.9670981764793396, 0.7054125070571899, 0.6267820596694946, 0.648952305316925, 0.8644416928291321, 0.7030841112136841, 0.7357497811317444, 0.6353603601455688, 0.6792287826538086, 0.8223296403884888, 0.49607840180397034, 0.4922005534172058, 0.7160645127296448, 1.047690987586975, 0.5781733393669128, 0.527769148349762, 0.5263794660568237, 0.8127614855766296, 0.7375528216362, 0.6452975273132324, 0.6204599142074585, 0.8281258344650269, 0.7819412350654602, 0.7455410361289978, 0.765759289264679, 0.6029114127159119, 0.8746947050094604, 0.6230956315994263, 0.7237976789474487, 0.6266720294952393, 0.6263144016265869, 0.7187562584877014, 0.7980536222457886, 0.727348268032074, 0.8281386494636536, 0.6591050028800964, 0.6545663475990295, 0.8420835733413696, 0.5237743258476257, 0.5696655511856079, 0.5676037669181824, 0.5712426900863647, 0.5663096308708191, 0.5761665105819702, 0.5843875408172607, 0.5852118730545044, 0.5898943543434143, 0.5979125499725342, 0.6054834127426147, 0.6056104302406311, 0.6217557191848755, 0.623059868812561, 0.6274988055229187, 0.6281680464744568, 0.6421065330505371, 0.6490462422370911, 0.6532538533210754, 0.6484562754631042, 0.6559669375419617, 0.6644623279571533, 0.6601324677467346, 0.6714779734611511, 0.6713229417800903, 0.6792922019958496, 0.6833589673042297, 0.6883057355880737, 0.6707112789154053, 0.6843620538711548, 0.6894868016242981, 0.6933451294898987, 0.7009977102279663, 0.7135034203529358, 0.7218813300132751, 0.7183840870857239, 0.7209076881408691, 0.7246649265289307, 0.7256483435630798, 0.7358290553092957, 0.7366695404052734], "val_accuracy": [0.2590068280696869, 0.2804284393787384, 0.26582279801368713, 0.29990261793136597, 0.36611488461494446, 0.44011685252189636, 0.4654332995414734, 0.48490750789642334, 0.5258033275604248, 0.5842258930206299, 0.6153846383094788, 0.532619297504425, 0.6747809052467346, 0.7010710835456848, 0.7536514401435852, 0.770204484462738, 0.762414813041687, 0.7244400978088379, 0.7361246347427368, 0.80525803565979, 0.7945472002029419, 0.7604674100875854, 0.816942572593689, 0.8364167213439941, 0.8286270499229431, 0.7478091716766357, 0.8383641839027405, 0.8218110799789429, 0.8383641839027405, 0.840311586856842, 0.7916260957717896, 0.8880233764648438, 0.8666017651557922, 0.8266796469688416, 0.7887049913406372, 0.859785795211792, 0.8782862424850464, 0.8773125410079956, 0.840311586856842, 0.8383641839027405, 0.8442064523696899, 0.8743914365768433, 0.8578383922576904, 0.8305745124816895, 0.8422589898109436, 0.8266796469688416, 0.8461538553237915, 0.8412852883338928, 0.8500486612319946, 0.8393378853797913, 0.8656280636787415, 0.8422589898109436, 0.8198636770248413, 0.82473224401474, 0.8412852883338928, 0.8315482139587402, 0.8617331981658936, 0.8782862424850464, 0.8422589898109436, 0.8666017651557922, 0.8714702725410461, 0.8880233764648438, 0.8802337050437927, 0.8792600035667419, 0.8802337050437927, 0.8812074065208435, 0.8831548094749451, 0.8851022124290466, 0.8841285109519958, 0.8841285109519958, 0.8841285109519958, 0.8831548094749451, 0.8851022124290466, 0.8841285109519958, 0.8860759735107422, 0.8841285109519958, 0.8860759735107422, 0.8860759735107422, 0.8851022124290466, 0.8851022124290466, 0.8841285109519958, 0.8831548094749451, 0.8831548094749451, 0.8831548094749451, 0.8831548094749451, 0.8831548094749451, 0.8860759735107422, 0.8919181823730469, 0.8851022124290466, 0.8909444808959961, 0.8919181823730469, 0.8909444808959961, 0.8889970779418945, 0.8889970779418945, 0.8889970779418945, 0.8909444808959961, 0.8928919434547424, 0.8919181823730469, 0.8919181823730469, 0.8909444808959961]}