{"loss": [2.1620686054229736, 1.7909992933273315, 1.7688854932785034, 2.1872365474700928, 1.837428331375122, 1.7839820384979248, 1.7735527753829956, 1.7694236040115356, 1.7420176267623901, 1.7581247091293335, 1.7286409139633179, 1.7252863645553589, 2.0332553386688232, 2.489391803741455, 5.04153299331665, 11.421609878540039, 16.129833221435547, 50.40972137451172, 100.77951049804688, 321.3360595703125, 690.0800170898438, 2247.796875, 4628.484375, 11070.4033203125, 15374.71875, 34321.58984375, 60046.09765625, 106100.4609375, 175632.359375, 317254.28125, 275904.6875, 357923.0, 533508.375, 549015.75, 592454.3125, 653475.875, 812199.875, 977772.125, 1398009.25, 1459760.25, 1675685.125, 3088196.5, 2324022.75, 3606426.75, 3956274.75, 3802133.0, 4275148.0, 4646855.0, 5848504.5, 7177642.5, 7146194.0, 9968096.0, 9298191.0, 10623982.0, 11211687.0, 11948177.0, 13120914.0, 15264745.0, 15251529.0, 18491068.0, 19122712.0, 19612690.0, 20253316.0, 24069876.0, 28557084.0, 25201654.0, 32816612.0, 42664160.0, 30332792.0, 30882854.0, 33848044.0, 47462320.0, 49347236.0, 46860148.0, 59483108.0, 47440880.0, 49665044.0, 52944852.0, 71486128.0, 70880952.0, 83993376.0, 69021160.0, 71209928.0, 84260408.0, 90991680.0, 89895616.0, 110321384.0, 109871160.0, 113273064.0, 93833608.0, 129110232.0, 168235792.0, 131816376.0, 155904864.0, 155700192.0, 149417824.0, 142089904.0, 140698688.0, 230349744.0, 215531488.0], "accuracy": [0.19863680005073547, 0.21592015027999878, 0.2592502534389496, 0.1884128600358963, 0.19595910608768463, 0.21713729202747345, 0.24245375394821167, 0.27312561869621277, 0.30890944600105286, 0.32716649770736694, 0.36587145924568176, 0.3829113841056824, 0.40457645058631897, 0.40555015206336975, 0.3821811079978943, 0.364897757768631, 0.3897273540496826, 0.3631937801837921, 0.37147030234336853, 0.3858325183391571, 0.40116846561431885, 0.38729310035705566, 0.4133398234844208, 0.4250243306159973, 0.4612950384616852, 0.45910418033599854, 0.4530184864997864, 0.4549659192562103, 0.4732229709625244, 0.42526775598526, 0.4693281352519989, 0.4834469258785248, 0.4639727473258972, 0.4693281352519989, 0.4870983362197876, 0.492210328578949, 0.49245375394821167, 0.5114411115646362, 0.5060856938362122, 0.5116845369338989, 0.5165530443191528, 0.4729795455932617, 0.5116845369338989, 0.4878286123275757, 0.4963485896587372, 0.5182570815086365, 0.5270204544067383, 0.522638738155365, 0.5019474029541016, 0.5177702307701111, 0.5243427753448486, 0.5082765221595764, 0.5267770290374756, 0.5382181406021118, 0.5406523942947388, 0.5321324467658997, 0.5462512373924255, 0.4968354403972626, 0.5017039775848389, 0.49269717931747437, 0.5172833204269409, 0.5063291192054749, 0.5292112827301025, 0.5185005068778992, 0.5143622159957886, 0.5467380881309509, 0.530428409576416, 0.5136319398880005, 0.5484420657157898, 0.5579357147216797, 0.5608568787574768, 0.5258033275604248, 0.5355404019355774, 0.5348101258277893, 0.5180136561393738, 0.5572054386138916, 0.5457643866539001, 0.5377312302589417, 0.507789671421051, 0.5443037748336792, 0.5004868507385254, 0.5472249388694763, 0.5589094161987305, 0.5462512373924255, 0.5433300733566284, 0.5479552149772644, 0.5284810066223145, 0.55525803565979, 0.5370009541511536, 0.5572054386138916, 0.5243427753448486, 0.5189873576164246, 0.5533106327056885, 0.5467380881309509, 0.5452775359153748, 0.5523369312286377, 0.5540409088134766, 0.5632911324501038, 0.5136319398880005, 0.5382181406021118], "precision": [0.21022726595401764, 0.34090909361839294, 0.33088234066963196, 0.20408163964748383, 0.22560974955558777, 0.3181818127632141, 0.32335329055786133, 0.3775743842124939, 0.4325396716594696, 0.4431643486022949, 0.4704286456108093, 0.473955899477005, 0.44500505924224854, 0.4291907548904419, 0.3899974226951599, 0.36632201075553894, 0.3899340331554413, 0.36303871870040894, 0.3715607523918152, 0.3858325183391571, 0.40116846561431885, 0.38729310035705566, 0.4133398234844208, 0.4250243306159973, 0.4612950384616852, 0.45910418033599854, 0.4530184864997864, 0.4549659192562103, 0.4732229709625244, 0.42526775598526, 0.4693281352519989, 0.4834469258785248, 0.4639727473258972, 0.4693281352519989, 0.4870983362197876, 0.492210328578949, 0.49245375394821167, 0.5114411115646362, 0.5060856938362122, 0.5116845369338989, 0.5165530443191528, 0.4729795455932617, 0.5116845369338989, 0.4878286123275757, 0.4963485896587372, 0.5182570815086365, 0.5270204544067383, 0.522638738155365, 0.5019474029541016, 0.5177702307701111, 0.5243427753448486, 0.5082765221595764, 0.5267770290374756, 0.5382181406021118, 0.5406523942947388, 0.5321324467658997, 0.5462512373924255, 0.4968354403972626, 0.5017039775848389, 0.49269717931747437, 0.5172833204269409, 0.5063291192054749, 0.5292112827301025, 0.5185005068778992, 0.5143622159957886, 0.5467380881309509, 0.530428409576416, 0.5136319398880005, 0.5484420657157898, 0.5579357147216797, 0.5608568787574768, 0.5258033275604248, 0.5355404019355774, 0.5348101258277893, 0.5180136561393738, 0.5572054386138916, 0.5457643866539001, 0.5377312302589417, 0.507789671421051, 0.5443037748336792, 0.5004868507385254, 0.5472249388694763, 0.5589094161987305, 0.5462512373924255, 0.5433300733566284, 0.5479552149772644, 0.5284810066223145, 0.55525803565979, 0.5370009541511536, 0.5572054386138916, 0.5243427753448486, 0.5189873576164246, 0.5533106327056885, 0.5467380881309509, 0.5452775359153748, 0.5523369312286377, 0.5540409088134766, 0.5632911324501038, 0.5136319398880005, 0.5382181406021118], "recall": [0.00900681596249342, 0.010954235680401325, 0.02190847136080265, 0.02190847136080265, 0.00900681596249342, 0.0051119765266776085, 0.013145082630217075, 0.040165532380342484, 0.10613436996936798, 0.1404576450586319, 0.21105161309242249, 0.2458617389202118, 0.32205453515052795, 0.36148977279663086, 0.36635833978652954, 0.36222004890441895, 0.38851022720336914, 0.3629503548145294, 0.37147030234336853, 0.3858325183391571, 0.40116846561431885, 0.38729310035705566, 0.4133398234844208, 0.4250243306159973, 0.4612950384616852, 0.45910418033599854, 0.4530184864997864, 0.4549659192562103, 0.4732229709625244, 0.42526775598526, 0.4693281352519989, 0.4834469258785248, 0.4639727473258972, 0.4693281352519989, 0.4870983362197876, 0.492210328578949, 0.49245375394821167, 0.5114411115646362, 0.5060856938362122, 0.5116845369338989, 0.5165530443191528, 0.4729795455932617, 0.5116845369338989, 0.4878286123275757, 0.4963485896587372, 0.5182570815086365, 0.5270204544067383, 0.522638738155365, 0.5019474029541016, 0.5177702307701111, 0.5243427753448486, 0.5082765221595764, 0.5267770290374756, 0.5382181406021118, 0.5406523942947388, 0.5321324467658997, 0.5462512373924255, 0.4968354403972626, 0.5017039775848389, 0.49269717931747437, 0.5172833204269409, 0.5063291192054749, 0.5292112827301025, 0.5185005068778992, 0.5143622159957886, 0.5467380881309509, 0.530428409576416, 0.5136319398880005, 0.5484420657157898, 0.5579357147216797, 0.5608568787574768, 0.5258033275604248, 0.5355404019355774, 0.5348101258277893, 0.5180136561393738, 0.5572054386138916, 0.5457643866539001, 0.5377312302589417, 0.507789671421051, 0.5443037748336792, 0.5004868507385254, 0.5472249388694763, 0.5589094161987305, 0.5462512373924255, 0.5433300733566284, 0.5479552149772644, 0.5284810066223145, 0.55525803565979, 0.5370009541511536, 0.5572054386138916, 0.5243427753448486, 0.5189873576164246, 0.5533106327056885, 0.5467380881309509, 0.5452775359153748, 0.5523369312286377, 0.5540409088134766, 0.5632911324501038, 0.5136319398880005, 0.5382181406021118],