{"loss": [1.7236627340316772, 1.63795006275177, 1.563594102859497, 1.511805534362793, 1.4438161849975586, 1.4038686752319336, 1.3417890071868896, 1.283920168876648, 1.2305285930633545, 1.137254238128662, 1.1121892929077148, 1.0480475425720215, 1.0437719821929932, 1.0210875272750854, 1.0050935745239258, 0.9508458375930786, 0.9621248245239258, 1.016067624092102, 0.9871007800102234, 0.985318124294281, 1.1111371517181396, 1.146525263786316, 1.2534105777740479, 1.3772586584091187, 1.49379301071167, 1.9060707092285156, 1.9198291301727295, 1.8807135820388794, 2.5753118991851807, 2.8025307655334473, 4.353282451629639, 3.6843550205230713, 6.013749599456787, 9.027112007141113, 4.169376850128174, 7.768333435058594, 11.488168716430664, 17.37901496887207, 25.19541358947754, 25.168466567993164, 34.5325813293457, 45.94707489013672, 51.72991943359375, 64.95259857177734, 87.96336364746094, 119.59744262695312, 188.42320251464844, 226.97572326660156, 293.9620056152344, 378.5346374511719, 447.1495056152344, 857.5831909179688, 555.5121459960938, 832.3919677734375, 961.2152709960938, 1378.83837890625, 2143.200439453125, 2321.671875, 3248.567626953125, 3933.86083984375, 4182.240234375, 5512.56689453125, 8273.5732421875, 8066.95263671875, 9912.09375, 11827.234375, 16216.576171875, 22764.955078125, 24699.21875, 33218.6953125, 38460.4921875, 45606.4921875, 50862.56640625, 57501.1484375, 75069.78125, 82161.1328125, 99249.75, 113854.2265625, 109311.2734375, 132227.71875, 156903.15625, 203291.15625, 217152.1875, 243115.84375, 265027.71875, 268133.40625, 305641.375, 386851.65625, 407598.34375, 478327.03125, 706991.4375, 677559.3125, 456290.65625, 521788.9375, 588269.75, 652326.1875, 828723.0, 723510.25, 712446.75, 748088.1875], "accuracy": [0.2327166497707367, 0.3030671775341034, 0.347370982170105, 0.3777994215488434, 0.41017526388168335, 0.4308665990829468, 0.4654332995414734, 0.49707886576652527, 0.532619297504425, 0.5710808038711548, 0.5774099230766296, 0.6102726459503174, 0.605160653591156, 0.6158714890480042, 0.6331548094749451, 0.655063271522522, 0.6501947641372681, 0.6431353688240051, 0.6630963683128357, 0.6633398532867432, 0.6462998986244202, 0.6518987417221069, 0.6436222195625305, 0.6295034289360046, 0.6290165781974792, 0.584956169128418, 0.5959104299545288, 0.594936728477478, 0.5883641839027405, 0.5898247361183167, 0.5491723418235779, 0.5900681614875793, 0.5713242292404175, 0.49415773153305054, 0.5956670045852661, 0.5837390422821045, 0.5455209612846375, 0.5223953127861023, 0.4953748881816864, 0.5233690142631531, 0.5228821635246277, 0.503164529800415, 0.5187439322471619, 0.5143622159957886, 0.5019474029541016, 0.4914800524711609, 0.455209344625473, 0.47078871726989746, 0.4688412845134735, 0.4605647623538971, 0.4734663963317871, 0.40944498777389526, 0.46251216530799866, 0.44961050152778625, 0.45326194167137146, 0.4340311586856842, 0.3982473313808441, 0.4259980618953705, 0.39605647325515747, 0.394839346408844, 0.3958130478858948, 0.385102242231369, 0.367575466632843, 0.38753652572631836, 0.3826679587364197, 0.3802337050437927, 0.36611488461494446, 0.3476144075393677, 0.34469327330589294, 0.33544304966926575, 0.3332521915435791, 0.3420155942440033, 0.3371470272541046, 0.31767281889915466, 0.30939629673957825, 0.320107102394104, 0.3033106029033661, 0.3113437294960022, 0.31840312480926514, 0.3108568787574768, 0.3035540282726288, 0.2938169538974762, 0.28334957361221313, 0.28359299898147583, 0.27921128273010254, 0.2816455662250519, 0.28675755858421326, 0.27848100662231445, 0.2809152901172638, 0.27434274554252625, 0.25267770886421204, 0.23758520185947418, 0.26168450713157654, 0.26923078298568726, 0.27385589480400085, 0.2706913352012634, 0.2461051642894745, 0.26947420835494995, 0.25705939531326294, 0.26582279801368713], "val_loss": [1.653534173965454, 1.6304688453674316, 1.554449200630188, 1.5084177255630493, 1.4628913402557373, 1.3623768091201782, 1.3720166683197021, 1.283974528312683, 1.1757512092590332, 1.1645301580429077, 1.0986562967300415, 1.043434977531433, 1.0364253520965576, 1.1609749794006348, 0.9406282901763916, 0.952423095703125, 0.9715865850448608, 1.259141445159912, 1.0169858932495117, 1.1471017599105835, 1.0233298540115356, 1.1340497732162476, 1.0071066617965698, 1.0418387651443481, 1.036712408065796, 1.4831538200378418, 2.3845865726470947, 2.246079206466675, 1.3510937690734863, 2.571472406387329, 2.6693766117095947, 4.033581733703613, 5.528831481933594, 3.660688638687134, 3.572000026702881, 14.208227157592773, 7.6693949699401855, 26.256855010986328, 15.459567070007324, 26.28809356689453, 31.062227249145508, 48.49480056762695, 33.627655029296875, 64.2326431274414, 56.784324645996094, 153.72532653808594, 108.44998168945312, 229.4863739013672, 243.66134643554688, 282.87835693359375, 678.584228515625, 455.47283935546875, 439.5337829589844, 701.2493286132812, 959.0198364257812, 1871.84130859375, 2319.5859375, 4413.3798828125, 2873.4990234375, 3921.01416015625, 4553.1484375, 6330.45166015625, 5508.3056640625, 6404.3447265625, 8556.8330078125, 18178.994140625, 15007.7763671875, 26978.23046875, 28084.431640625, 46879.11328125, 39944.29296875, 71701.03125, 53416.6015625, 55707.87109375, 85250.953125, 70034.53125, 88291.90625, 136379.890625, 122497.6484375, 148872.03125, 118628.671875, 194452.96875, 192909.421875, 197227.84375, 429763.03125, 378408.03125, 368315.59375, 370994.90625, 291172.5625, 372644.53125, 736549.0, 598319.0625, 511620.625, 738714.9375, 635458.9375, 771680.0, 629060.75, 1507334.625, 1078091.625, 985159.6875], "val_accuracy": [0.27848100662231445, 0.2862706780433655, 0.33592990040779114, 0.37487828731536865, 0.38753652572631836, 0.4527750611305237, 0.4391431212425232, 0.5092502236366272, 0.5384615659713745, 0.5530672073364258, 0.587147057056427, 0.5774099230766296, 0.5988315343856812, 0.5851995944976807, 0.6290165781974792, 0.6582278609275818, 0.6504381895065308, 0.587147057056427, 0.6348587870597839, 0.6114897727966309, 0.6728335022926331, 0.5842258930206299, 0.6815968751907349, 0.6621226668357849, 0.6825705766677856, 0.5764362215995789, 0.5365141034126282, 0.5998052358627319, 0.6815968751907349, 0.5832521915435791, 0.5715676546096802, 0.6173320412635803, 0.602726399898529, 0.5783836245536804, 0.607594907283783, 0.44595909118652344, 0.6183057427406311, 0.4527750611305237, 0.5180136561393738, 0.5082765221595764, 0.559883177280426, 0.5501460433006287, 0.5803310871124268, 0.4868549108505249, 0.5920155644416809, 0.46640700101852417, 0.5228821635246277, 0.4810126721858978, 0.47127556800842285, 0.5472249388694763, 0.4001947343349457, 0.4118792712688446, 0.5335929989814758, 0.4527750611305237, 0.41090553998947144, 0.38753652572631836, 0.39143136143684387, 0.3904576301574707, 0.4167478084564209, 0.4040895700454712, 0.40116846561431885, 0.39143136143684387, 0.38364166021347046, 0.3466407060623169, 0.3602726459503174, 0.30866602063179016, 0.39240506291389465, 0.3067185878753662, 0.33106133341789246, 0.3115871548652649, 0.3417721390724182, 0.2706913352012634, 0.3690360188484192, 0.3505355417728424, 0.26484906673431396, 0.3300876319408417, 0.3651411831378937, 0.2726387679576874, 0.3037974536418915, 0.26095423102378845, 0.31742939352989197, 0.26971763372421265, 0.3378773033618927, 0.34469327330589294, 0.26192793250083923, 0.22297954559326172, 0.2891918122768402, 0.3417721390724182, 0.3076923191547394, 0.2891918122768402, 0.24926972389221191, 0.2590068280696869, 0.2804284393787384, 0.2414800375699997, 0.2366114854812622, 0.2190847098827362, 0.27458617091178894, 0.19961051642894745, 0.2278480976819992, 0.22687439620494843]}